params,featurization,split0_test_score,split1_test_score,split2_test_score,split3_test_score,split4_test_score,mean_test_score,std_test_score
"{'classifier__C': 0.0001, 'classifier__class_weight': None, 'classifier__gamma': 1e-05, 'classifier__kernel': 'rbf'}",unigram,0.0,0.0,0.0,0.0,0.0,0.0,0.0
"{'classifier__C': 0.0001, 'classifier__class_weight': None, 'classifier__gamma': 0.0001, 'classifier__kernel': 'rbf'}",unigram,0.0,0.0,0.0,0.0,0.0,0.0,0.0
"{'classifier__C': 0.0001, 'classifier__class_weight': None, 'classifier__gamma': 0.001, 'classifier__kernel': 'rbf'}",unigram,0.0,0.0,0.0,0.0,0.0,0.0,0.0
"{'classifier__C': 0.0001, 'classifier__class_weight': None, 'classifier__gamma': 0.01, 'classifier__kernel': 'rbf'}",unigram,0.0,0.0,0.0,0.0,0.0,0.0,0.0
"{'classifier__C': 0.0001, 'classifier__class_weight': None, 'classifier__gamma': 0.1, 'classifier__kernel': 'rbf'}",unigram,0.0,0.0,0.0,0.0,0.0,0.0,0.0
"{'classifier__C': 0.0001, 'classifier__class_weight': 'balanced', 'classifier__gamma': 1e-05, 'classifier__kernel': 'rbf'}",unigram,0.42857142857142855,0.42857142857142855,0.43165467625899284,0.43165467625899284,0.43165467625899284,0.4304213771839671,0.0015104767170297385
"{'classifier__C': 0.0001, 'classifier__class_weight': 'balanced', 'classifier__gamma': 0.0001, 'classifier__kernel': 'rbf'}",unigram,0.42857142857142855,0.42857142857142855,0.43165467625899284,0.43165467625899284,0.43165467625899284,0.4304213771839671,0.0015104767170297385
"{'classifier__C': 0.0001, 'classifier__class_weight': 'balanced', 'classifier__gamma': 0.001, 'classifier__kernel': 'rbf'}",unigram,0.42857142857142855,0.42857142857142855,0.43165467625899284,0.43165467625899284,0.43165467625899284,0.4304213771839671,0.0015104767170297385
"{'classifier__C': 0.0001, 'classifier__class_weight': 'balanced', 'classifier__gamma': 0.01, 'classifier__kernel': 'rbf'}",unigram,0.42857142857142855,0.42857142857142855,0.43165467625899284,0.43165467625899284,0.43165467625899284,0.4304213771839671,0.0015104767170297385
"{'classifier__C': 0.0001, 'classifier__class_weight': 'balanced', 'classifier__gamma': 0.1, 'classifier__kernel': 'rbf'}",unigram,0.42857142857142855,0.42857142857142855,0.43165467625899284,0.43165467625899284,0.43165467625899284,0.4304213771839671,0.0015104767170297385
"{'classifier__C': 0.001, 'classifier__class_weight': None, 'classifier__gamma': 1e-05, 'classifier__kernel': 'rbf'}",unigram,0.0,0.0,0.0,0.0,0.0,0.0,0.0
"{'classifier__C': 0.001, 'classifier__class_weight': None, 'classifier__gamma': 0.0001, 'classifier__kernel': 'rbf'}",unigram,0.0,0.0,0.0,0.0,0.0,0.0,0.0
"{'classifier__C': 0.001, 'classifier__class_weight': None, 'classifier__gamma': 0.001, 'classifier__kernel': 'rbf'}",unigram,0.0,0.0,0.0,0.0,0.0,0.0,0.0
"{'classifier__C': 0.001, 'classifier__class_weight': None, 'classifier__gamma': 0.01, 'classifier__kernel': 'rbf'}",unigram,0.0,0.0,0.0,0.0,0.0,0.0,0.0
"{'classifier__C': 0.001, 'classifier__class_weight': None, 'classifier__gamma': 0.1, 'classifier__kernel': 'rbf'}",unigram,0.0,0.0,0.0,0.0,0.0,0.0,0.0
"{'classifier__C': 0.001, 'classifier__class_weight': 'balanced', 'classifier__gamma': 1e-05, 'classifier__kernel': 'rbf'}",unigram,0.42857142857142855,0.42857142857142855,0.0,0.0,0.0,0.17142857142857143,0.20995626366712952
"{'classifier__C': 0.001, 'classifier__class_weight': 'balanced', 'classifier__gamma': 0.0001, 'classifier__kernel': 'rbf'}",unigram,0.42857142857142855,0.42857142857142855,0.0,0.0,0.0,0.17142857142857143,0.20995626366712952
"{'classifier__C': 0.001, 'classifier__class_weight': 'balanced', 'classifier__gamma': 0.001, 'classifier__kernel': 'rbf'}",unigram,0.42857142857142855,0.42857142857142855,0.0,0.0,0.0,0.17142857142857143,0.20995626366712952
"{'classifier__C': 0.001, 'classifier__class_weight': 'balanced', 'classifier__gamma': 0.01, 'classifier__kernel': 'rbf'}",unigram,0.42857142857142855,0.42857142857142855,0.0,0.0,0.0,0.17142857142857143,0.20995626366712952
"{'classifier__C': 0.001, 'classifier__class_weight': 'balanced', 'classifier__gamma': 0.1, 'classifier__kernel': 'rbf'}",unigram,0.42857142857142855,0.42857142857142855,0.0,0.0,0.0,0.17142857142857143,0.20995626366712952
"{'classifier__C': 0.01, 'classifier__class_weight': None, 'classifier__gamma': 1e-05, 'classifier__kernel': 'rbf'}",unigram,0.0,0.0,0.0,0.0,0.0,0.0,0.0
"{'classifier__C': 0.01, 'classifier__class_weight': None, 'classifier__gamma': 0.0001, 'classifier__kernel': 'rbf'}",unigram,0.0,0.0,0.0,0.0,0.0,0.0,0.0
"{'classifier__C': 0.01, 'classifier__class_weight': None, 'classifier__gamma': 0.001, 'classifier__kernel': 'rbf'}",unigram,0.0,0.0,0.0,0.0,0.0,0.0,0.0
"{'classifier__C': 0.01, 'classifier__class_weight': None, 'classifier__gamma': 0.01, 'classifier__kernel': 'rbf'}",unigram,0.0,0.0,0.0,0.0,0.0,0.0,0.0
"{'classifier__C': 0.01, 'classifier__class_weight': None, 'classifier__gamma': 0.1, 'classifier__kernel': 'rbf'}",unigram,0.0,0.0,0.0,0.0,0.0,0.0,0.0
"{'classifier__C': 0.01, 'classifier__class_weight': 'balanced', 'classifier__gamma': 1e-05, 'classifier__kernel': 'rbf'}",unigram,0.0,0.0,0.0,0.0,0.0,0.0,0.0
"{'classifier__C': 0.01, 'classifier__class_weight': 'balanced', 'classifier__gamma': 0.0001, 'classifier__kernel': 'rbf'}",unigram,0.0,0.0,0.0,0.0,0.0,0.0,0.0
"{'classifier__C': 0.01, 'classifier__class_weight': 'balanced', 'classifier__gamma': 0.001, 'classifier__kernel': 'rbf'}",unigram,0.0,0.0,0.0,0.0,0.0,0.0,0.0
"{'classifier__C': 0.01, 'classifier__class_weight': 'balanced', 'classifier__gamma': 0.01, 'classifier__kernel': 'rbf'}",unigram,0.0,0.0,0.0,0.0,0.0,0.0,0.0
"{'classifier__C': 0.01, 'classifier__class_weight': 'balanced', 'classifier__gamma': 0.1, 'classifier__kernel': 'rbf'}",unigram,0.0,0.0,0.0,0.0,0.0,0.0,0.0
"{'classifier__C': 0.1, 'classifier__class_weight': None, 'classifier__gamma': 1e-05, 'classifier__kernel': 'rbf'}",unigram,0.0,0.0,0.0,0.0,0.0,0.0,0.0
"{'classifier__C': 0.1, 'classifier__class_weight': None, 'classifier__gamma': 0.0001, 'classifier__kernel': 'rbf'}",unigram,0.0,0.0,0.0,0.0,0.0,0.0,0.0
"{'classifier__C': 0.1, 'classifier__class_weight': None, 'classifier__gamma': 0.001, 'classifier__kernel': 'rbf'}",unigram,0.0,0.0,0.0,0.0,0.0,0.0,0.0
"{'classifier__C': 0.1, 'classifier__class_weight': None, 'classifier__gamma': 0.01, 'classifier__kernel': 'rbf'}",unigram,0.0,0.0,0.0,0.0,0.0,0.0,0.0
"{'classifier__C': 0.1, 'classifier__class_weight': None, 'classifier__gamma': 0.1, 'classifier__kernel': 'rbf'}",unigram,0.0,0.0,0.0,0.0,0.0,0.0,0.0
"{'classifier__C': 0.1, 'classifier__class_weight': 'balanced', 'classifier__gamma': 1e-05, 'classifier__kernel': 'rbf'}",unigram,0.42857142857142855,0.42857142857142855,0.43165467625899284,0.43165467625899284,0.43165467625899284,0.4304213771839671,0.0015104767170297385
"{'classifier__C': 0.1, 'classifier__class_weight': 'balanced', 'classifier__gamma': 0.0001, 'classifier__kernel': 'rbf'}",unigram,0.42857142857142855,0.42857142857142855,0.43165467625899284,0.43165467625899284,0.43165467625899284,0.4304213771839671,0.0015104767170297385
"{'classifier__C': 0.1, 'classifier__class_weight': 'balanced', 'classifier__gamma': 0.001, 'classifier__kernel': 'rbf'}",unigram,0.40540540540540543,0.3703703703703704,0.4819277108433735,0.4761904761904762,0.2898550724637681,0.4047498070546787,0.07133494732938568
"{'classifier__C': 0.1, 'classifier__class_weight': 'balanced', 'classifier__gamma': 0.01, 'classifier__kernel': 'rbf'}",unigram,0.42857142857142855,0.42857142857142855,0.43165467625899284,0.43165467625899284,0.43165467625899284,0.4304213771839671,0.0015104767170297385
"{'classifier__C': 0.1, 'classifier__class_weight': 'balanced', 'classifier__gamma': 0.1, 'classifier__kernel': 'rbf'}",unigram,0.42857142857142855,0.42857142857142855,0.43165467625899284,0.43165467625899284,0.43165467625899284,0.4304213771839671,0.0015104767170297385
"{'classifier__C': 1.0, 'classifier__class_weight': None, 'classifier__gamma': 1e-05, 'classifier__kernel': 'rbf'}",unigram,0.0,0.0,0.0,0.0,0.0,0.0,0.0
"{'classifier__C': 1.0, 'classifier__class_weight': None, 'classifier__gamma': 0.0001, 'classifier__kernel': 'rbf'}",unigram,0.0,0.0,0.0,0.0,0.0,0.0,0.0
"{'classifier__C': 1.0, 'classifier__class_weight': None, 'classifier__gamma': 0.001, 'classifier__kernel': 'rbf'}",unigram,0.0,0.0,0.0,0.0,0.0,0.0,0.0
"{'classifier__C': 1.0, 'classifier__class_weight': None, 'classifier__gamma': 0.01, 'classifier__kernel': 'rbf'}",unigram,0.0,0.0,0.0,0.0,0.0,0.0,0.0
"{'classifier__C': 1.0, 'classifier__class_weight': None, 'classifier__gamma': 0.1, 'classifier__kernel': 'rbf'}",unigram,0.0,0.0,0.0,0.0,0.0,0.0,0.0
"{'classifier__C': 1.0, 'classifier__class_weight': 'balanced', 'classifier__gamma': 1e-05, 'classifier__kernel': 'rbf'}",unigram,0.42857142857142855,0.42857142857142855,0.43165467625899284,0.43165467625899284,0.43165467625899284,0.4304213771839671,0.0015104767170297385
"{'classifier__C': 1.0, 'classifier__class_weight': 'balanced', 'classifier__gamma': 0.0001, 'classifier__kernel': 'rbf'}",unigram,0.29411764705882354,0.19999999999999996,0.3846153846153846,0.29411764705882354,0.10204081632653061,0.2549782990119125,0.09621022613757976
"{'classifier__C': 1.0, 'classifier__class_weight': 'balanced', 'classifier__gamma': 0.001, 'classifier__kernel': 'rbf'}",unigram,0.10204081632653061,0.19999999999999996,0.19999999999999996,0.3846153846153846,0.0,0.17733124018838303,0.1273652060381288
"{'classifier__C': 1.0, 'classifier__class_weight': 'balanced', 'classifier__gamma': 0.01, 'classifier__kernel': 'rbf'}",unigram,0.0,0.0,0.0,0.0,0.0,0.0,0.0
"{'classifier__C': 1.0, 'classifier__class_weight': 'balanced', 'classifier__gamma': 0.1, 'classifier__kernel': 'rbf'}",unigram,0.0,0.0,0.0,0.0,0.0,0.0,0.0
"{'classifier__C': 10.0, 'classifier__class_weight': None, 'classifier__gamma': 1e-05, 'classifier__kernel': 'rbf'}",unigram,0.0,0.0,0.10204081632653061,0.0,0.0,0.020408163265306124,0.04081632653061225
"{'classifier__C': 10.0, 'classifier__class_weight': None, 'classifier__gamma': 0.0001, 'classifier__kernel': 'rbf'}",unigram,0.7758620689655173,0.28846153846153844,0.4716981132075472,0.7142857142857142,0.10204081632653061,0.4704696502493695,0.25360562692299554
"{'classifier__C': 10.0, 'classifier__class_weight': None, 'classifier__gamma': 0.001, 'classifier__kernel': 'rbf'}",unigram,0.10204081632653061,0.19999999999999996,0.19999999999999996,0.3846153846153846,0.0,0.17733124018838303,0.1273652060381288
"{'classifier__C': 10.0, 'classifier__class_weight': None, 'classifier__gamma': 0.01, 'classifier__kernel': 'rbf'}",unigram,0.0,0.0,0.0,0.0,0.0,0.0,0.0
"{'classifier__C': 10.0, 'classifier__class_weight': None, 'classifier__gamma': 0.1, 'classifier__kernel': 'rbf'}",unigram,0.0,0.0,0.0,0.0,0.0,0.0,0.0
"{'classifier__C': 10.0, 'classifier__class_weight': 'balanced', 'classifier__gamma': 1e-05, 'classifier__kernel': 'rbf'}",unigram,0.3846153846153846,0.19999999999999996,0.3846153846153846,0.5555555555555556,0.19999999999999996,0.3449572649572649,0.13380761580742628
"{'classifier__C': 10.0, 'classifier__class_weight': 'balanced', 'classifier__gamma': 0.0001, 'classifier__kernel': 'rbf'}",unigram,0.7377049180327869,0.3571428571428571,0.4716981132075472,0.7894736842105263,0.10204081632653061,0.49161207778404953,0.25279538272811014
"{'classifier__C': 10.0, 'classifier__class_weight': 'balanced', 'classifier__gamma': 0.001, 'classifier__kernel': 'rbf'}",unigram,0.10204081632653061,0.19999999999999996,0.19999999999999996,0.3846153846153846,0.0,0.17733124018838303,0.1273652060381288
"{'classifier__C': 10.0, 'classifier__class_weight': 'balanced', 'classifier__gamma': 0.01, 'classifier__kernel': 'rbf'}",unigram,0.0,0.0,0.0,0.0,0.0,0.0,0.0
"{'classifier__C': 10.0, 'classifier__class_weight': 'balanced', 'classifier__gamma': 0.1, 'classifier__kernel': 'rbf'}",unigram,0.0,0.0,0.0,0.0,0.0,0.0,0.0
"{'classifier__C': 100.0, 'classifier__class_weight': None, 'classifier__gamma': 1e-05, 'classifier__kernel': 'rbf'}",unigram,0.7627118644067796,0.28846153846153844,0.4716981132075472,0.7142857142857142,0.10204081632653061,0.467839609337622,0.25047373785902877
"{'classifier__C': 100.0, 'classifier__class_weight': None, 'classifier__gamma': 0.0001, 'classifier__kernel': 'rbf'}",unigram,0.7627118644067796,0.3636363636363636,0.4716981132075472,0.7894736842105263,0.10204081632653061,0.4979121683575494,0.2571218747341605
"{'classifier__C': 100.0, 'classifier__class_weight': None, 'classifier__gamma': 0.001, 'classifier__kernel': 'rbf'}",unigram,0.10204081632653061,0.19999999999999996,0.19999999999999996,0.3846153846153846,0.0,0.17733124018838303,0.1273652060381288
"{'classifier__C': 100.0, 'classifier__class_weight': None, 'classifier__gamma': 0.01, 'classifier__kernel': 'rbf'}",unigram,0.0,0.0,0.0,0.0,0.0,0.0,0.0
"{'classifier__C': 100.0, 'classifier__class_weight': None, 'classifier__gamma': 0.1, 'classifier__kernel': 'rbf'}",unigram,0.0,0.0,0.0,0.0,0.0,0.0,0.0
"{'classifier__C': 100.0, 'classifier__class_weight': 'balanced', 'classifier__gamma': 1e-05, 'classifier__kernel': 'rbf'}",unigram,0.7377049180327869,0.3571428571428571,0.4716981132075472,0.7894736842105263,0.10204081632653061,0.49161207778404953,0.25279538272811014
"{'classifier__C': 100.0, 'classifier__class_weight': 'balanced', 'classifier__gamma': 0.0001, 'classifier__kernel': 'rbf'}",unigram,0.7627118644067796,0.3636363636363636,0.4716981132075472,0.7894736842105263,0.10204081632653061,0.4979121683575494,0.2571218747341605
"{'classifier__C': 100.0, 'classifier__class_weight': 'balanced', 'classifier__gamma': 0.001, 'classifier__kernel': 'rbf'}",unigram,0.10204081632653061,0.19999999999999996,0.19999999999999996,0.3846153846153846,0.0,0.17733124018838303,0.1273652060381288
"{'classifier__C': 100.0, 'classifier__class_weight': 'balanced', 'classifier__gamma': 0.01, 'classifier__kernel': 'rbf'}",unigram,0.0,0.0,0.0,0.0,0.0,0.0,0.0
"{'classifier__C': 100.0, 'classifier__class_weight': 'balanced', 'classifier__gamma': 0.1, 'classifier__kernel': 'rbf'}",unigram,0.0,0.0,0.0,0.0,0.0,0.0,0.0
"{'classifier__C': 0.0001, 'classifier__class_weight': None, 'classifier__kernel': 'linear'}",unigram,0.0,0.0,0.0,0.0,0.0,0.0,0.0
"{'classifier__C': 0.0001, 'classifier__class_weight': 'balanced', 'classifier__kernel': 'linear'}",unigram,0.10204081632653061,0.10204081632653061,0.10204081632653061,0.10204081632653061,0.10204081632653061,0.10204081632653061,0.0
"{'classifier__C': 0.001, 'classifier__class_weight': None, 'classifier__kernel': 'linear'}",unigram,0.4716981132075472,0.29411764705882354,0.3846153846153846,0.3846153846153846,0.10204081632653061,0.3274174691647341,0.12590760191985695
"{'classifier__C': 0.001, 'classifier__class_weight': 'balanced', 'classifier__kernel': 'linear'}",unigram,0.7377049180327869,0.3571428571428571,0.4716981132075472,0.7894736842105263,0.10204081632653061,0.49161207778404953,0.25279538272811014
"{'classifier__C': 0.01, 'classifier__class_weight': None, 'classifier__kernel': 'linear'}",unigram,0.7627118644067796,0.3636363636363636,0.4716981132075472,0.7894736842105263,0.10204081632653061,0.4979121683575494,0.2571218747341605
"{'classifier__C': 0.01, 'classifier__class_weight': 'balanced', 'classifier__kernel': 'linear'}",unigram,0.7627118644067796,0.3636363636363636,0.4716981132075472,0.7894736842105263,0.10204081632653061,0.4979121683575494,0.2571218747341605
"{'classifier__C': 0.1, 'classifier__class_weight': None, 'classifier__kernel': 'linear'}",unigram,0.7627118644067796,0.3636363636363636,0.4716981132075472,0.7894736842105263,0.10204081632653061,0.4979121683575494,0.2571218747341605
"{'classifier__C': 0.1, 'classifier__class_weight': 'balanced', 'classifier__kernel': 'linear'}",unigram,0.7627118644067796,0.3636363636363636,0.4716981132075472,0.7894736842105263,0.10204081632653061,0.4979121683575494,0.2571218747341605
"{'classifier__C': 1.0, 'classifier__class_weight': None, 'classifier__kernel': 'linear'}",unigram,0.7627118644067796,0.3636363636363636,0.4716981132075472,0.7894736842105263,0.10204081632653061,0.4979121683575494,0.2571218747341605
"{'classifier__C': 1.0, 'classifier__class_weight': 'balanced', 'classifier__kernel': 'linear'}",unigram,0.7627118644067796,0.3636363636363636,0.4716981132075472,0.7894736842105263,0.10204081632653061,0.4979121683575494,0.2571218747341605
"{'classifier__C': 10.0, 'classifier__class_weight': None, 'classifier__kernel': 'linear'}",unigram,0.7627118644067796,0.3636363636363636,0.4716981132075472,0.7894736842105263,0.10204081632653061,0.4979121683575494,0.2571218747341605
"{'classifier__C': 10.0, 'classifier__class_weight': 'balanced', 'classifier__kernel': 'linear'}",unigram,0.7627118644067796,0.3636363636363636,0.4716981132075472,0.7894736842105263,0.10204081632653061,0.4979121683575494,0.2571218747341605
"{'classifier__C': 100.0, 'classifier__class_weight': None, 'classifier__kernel': 'linear'}",unigram,0.7627118644067796,0.3636363636363636,0.4716981132075472,0.7894736842105263,0.10204081632653061,0.4979121683575494,0.2571218747341605
"{'classifier__C': 100.0, 'classifier__class_weight': 'balanced', 'classifier__kernel': 'linear'}",unigram,0.7627118644067796,0.3636363636363636,0.4716981132075472,0.7894736842105263,0.10204081632653061,0.4979121683575494,0.2571218747341605
"{'classifier__C': 0.0001, 'classifier__class_weight': None, 'classifier__gamma': 1e-05, 'classifier__kernel': 'rbf'}",bigram,0.0,0.0,0.0,0.0,0.0,0.0,0.0
"{'classifier__C': 0.0001, 'classifier__class_weight': None, 'classifier__gamma': 0.0001, 'classifier__kernel': 'rbf'}",bigram,0.0,0.0,0.0,0.0,0.0,0.0,0.0
"{'classifier__C': 0.0001, 'classifier__class_weight': None, 'classifier__gamma': 0.001, 'classifier__kernel': 'rbf'}",bigram,0.0,0.0,0.0,0.0,0.0,0.0,0.0
"{'classifier__C': 0.0001, 'classifier__class_weight': None, 'classifier__gamma': 0.01, 'classifier__kernel': 'rbf'}",bigram,0.0,0.0,0.0,0.0,0.0,0.0,0.0
"{'classifier__C': 0.0001, 'classifier__class_weight': None, 'classifier__gamma': 0.1, 'classifier__kernel': 'rbf'}",bigram,0.0,0.0,0.0,0.0,0.0,0.0,0.0
"{'classifier__C': 0.0001, 'classifier__class_weight': 'balanced', 'classifier__gamma': 1e-05, 'classifier__kernel': 'rbf'}",bigram,0.42857142857142855,0.42857142857142855,0.43165467625899284,0.43165467625899284,0.43165467625899284,0.4304213771839671,0.0015104767170297385
"{'classifier__C': 0.0001, 'classifier__class_weight': 'balanced', 'classifier__gamma': 0.0001, 'classifier__kernel': 'rbf'}",bigram,0.42857142857142855,0.42857142857142855,0.43165467625899284,0.43165467625899284,0.43165467625899284,0.4304213771839671,0.0015104767170297385
"{'classifier__C': 0.0001, 'classifier__class_weight': 'balanced', 'classifier__gamma': 0.001, 'classifier__kernel': 'rbf'}",bigram,0.42857142857142855,0.42857142857142855,0.43165467625899284,0.43165467625899284,0.43165467625899284,0.4304213771839671,0.0015104767170297385
"{'classifier__C': 0.0001, 'classifier__class_weight': 'balanced', 'classifier__gamma': 0.01, 'classifier__kernel': 'rbf'}",bigram,0.42857142857142855,0.42857142857142855,0.43165467625899284,0.43165467625899284,0.43165467625899284,0.4304213771839671,0.0015104767170297385
"{'classifier__C': 0.0001, 'classifier__class_weight': 'balanced', 'classifier__gamma': 0.1, 'classifier__kernel': 'rbf'}",bigram,0.42857142857142855,0.42857142857142855,0.43165467625899284,0.43165467625899284,0.43165467625899284,0.4304213771839671,0.0015104767170297385
"{'classifier__C': 0.001, 'classifier__class_weight': None, 'classifier__gamma': 1e-05, 'classifier__kernel': 'rbf'}",bigram,0.0,0.0,0.0,0.0,0.0,0.0,0.0
"{'classifier__C': 0.001, 'classifier__class_weight': None, 'classifier__gamma': 0.0001, 'classifier__kernel': 'rbf'}",bigram,0.0,0.0,0.0,0.0,0.0,0.0,0.0
"{'classifier__C': 0.001, 'classifier__class_weight': None, 'classifier__gamma': 0.001, 'classifier__kernel': 'rbf'}",bigram,0.0,0.0,0.0,0.0,0.0,0.0,0.0
"{'classifier__C': 0.001, 'classifier__class_weight': None, 'classifier__gamma': 0.01, 'classifier__kernel': 'rbf'}",bigram,0.0,0.0,0.0,0.0,0.0,0.0,0.0
"{'classifier__C': 0.001, 'classifier__class_weight': None, 'classifier__gamma': 0.1, 'classifier__kernel': 'rbf'}",bigram,0.0,0.0,0.0,0.0,0.0,0.0,0.0
"{'classifier__C': 0.001, 'classifier__class_weight': 'balanced', 'classifier__gamma': 1e-05, 'classifier__kernel': 'rbf'}",bigram,0.42857142857142855,0.42857142857142855,0.0,0.0,0.0,0.17142857142857143,0.20995626366712952
"{'classifier__C': 0.001, 'classifier__class_weight': 'balanced', 'classifier__gamma': 0.0001, 'classifier__kernel': 'rbf'}",bigram,0.42857142857142855,0.42857142857142855,0.0,0.0,0.0,0.17142857142857143,0.20995626366712952
"{'classifier__C': 0.001, 'classifier__class_weight': 'balanced', 'classifier__gamma': 0.001, 'classifier__kernel': 'rbf'}",bigram,0.42857142857142855,0.42857142857142855,0.0,0.0,0.0,0.17142857142857143,0.20995626366712952
"{'classifier__C': 0.001, 'classifier__class_weight': 'balanced', 'classifier__gamma': 0.01, 'classifier__kernel': 'rbf'}",bigram,0.42857142857142855,0.42857142857142855,0.0,0.0,0.0,0.17142857142857143,0.20995626366712952
"{'classifier__C': 0.001, 'classifier__class_weight': 'balanced', 'classifier__gamma': 0.1, 'classifier__kernel': 'rbf'}",bigram,0.42857142857142855,0.42857142857142855,0.0,0.0,0.0,0.17142857142857143,0.20995626366712952
"{'classifier__C': 0.01, 'classifier__class_weight': None, 'classifier__gamma': 1e-05, 'classifier__kernel': 'rbf'}",bigram,0.0,0.0,0.0,0.0,0.0,0.0,0.0
"{'classifier__C': 0.01, 'classifier__class_weight': None, 'classifier__gamma': 0.0001, 'classifier__kernel': 'rbf'}",bigram,0.0,0.0,0.0,0.0,0.0,0.0,0.0
"{'classifier__C': 0.01, 'classifier__class_weight': None, 'classifier__gamma': 0.001, 'classifier__kernel': 'rbf'}",bigram,0.0,0.0,0.0,0.0,0.0,0.0,0.0
"{'classifier__C': 0.01, 'classifier__class_weight': None, 'classifier__gamma': 0.01, 'classifier__kernel': 'rbf'}",bigram,0.0,0.0,0.0,0.0,0.0,0.0,0.0
"{'classifier__C': 0.01, 'classifier__class_weight': None, 'classifier__gamma': 0.1, 'classifier__kernel': 'rbf'}",bigram,0.0,0.0,0.0,0.0,0.0,0.0,0.0
"{'classifier__C': 0.01, 'classifier__class_weight': 'balanced', 'classifier__gamma': 1e-05, 'classifier__kernel': 'rbf'}",bigram,0.0,0.0,0.0,0.0,0.0,0.0,0.0
"{'classifier__C': 0.01, 'classifier__class_weight': 'balanced', 'classifier__gamma': 0.0001, 'classifier__kernel': 'rbf'}",bigram,0.0,0.0,0.0,0.0,0.0,0.0,0.0
"{'classifier__C': 0.01, 'classifier__class_weight': 'balanced', 'classifier__gamma': 0.001, 'classifier__kernel': 'rbf'}",bigram,0.0,0.0,0.0,0.0,0.0,0.0,0.0
"{'classifier__C': 0.01, 'classifier__class_weight': 'balanced', 'classifier__gamma': 0.01, 'classifier__kernel': 'rbf'}",bigram,0.0,0.0,0.0,0.0,0.0,0.0,0.0
"{'classifier__C': 0.01, 'classifier__class_weight': 'balanced', 'classifier__gamma': 0.1, 'classifier__kernel': 'rbf'}",bigram,0.0,0.0,0.0,0.0,0.0,0.0,0.0
"{'classifier__C': 0.1, 'classifier__class_weight': None, 'classifier__gamma': 1e-05, 'classifier__kernel': 'rbf'}",bigram,0.0,0.0,0.0,0.0,0.0,0.0,0.0
"{'classifier__C': 0.1, 'classifier__class_weight': None, 'classifier__gamma': 0.0001, 'classifier__kernel': 'rbf'}",bigram,0.0,0.0,0.0,0.0,0.0,0.0,0.0
"{'classifier__C': 0.1, 'classifier__class_weight': None, 'classifier__gamma': 0.001, 'classifier__kernel': 'rbf'}",bigram,0.0,0.0,0.0,0.0,0.0,0.0,0.0
"{'classifier__C': 0.1, 'classifier__class_weight': None, 'classifier__gamma': 0.01, 'classifier__kernel': 'rbf'}",bigram,0.0,0.0,0.0,0.0,0.0,0.0,0.0
"{'classifier__C': 0.1, 'classifier__class_weight': None, 'classifier__gamma': 0.1, 'classifier__kernel': 'rbf'}",bigram,0.0,0.0,0.0,0.0,0.0,0.0,0.0
"{'classifier__C': 0.1, 'classifier__class_weight': 'balanced', 'classifier__gamma': 1e-05, 'classifier__kernel': 'rbf'}",bigram,0.42857142857142855,0.42857142857142855,0.43165467625899284,0.43165467625899284,0.43165467625899284,0.4304213771839671,0.0015104767170297385
"{'classifier__C': 0.1, 'classifier__class_weight': 'balanced', 'classifier__gamma': 0.0001, 'classifier__kernel': 'rbf'}",bigram,0.09433962264150943,0.09999999999999998,0.33783783783783783,0.4761904761904762,0.09803921568627451,0.22128143047121962,0.15784553788120462
"{'classifier__C': 0.1, 'classifier__class_weight': 'balanced', 'classifier__gamma': 0.001, 'classifier__kernel': 'rbf'}",bigram,0.31645569620253167,0.1282051282051282,0.33707865168539325,0.3804347826086957,0.13513513513513514,0.25946187876737675,0.10638851054338261
"{'classifier__C': 0.1, 'classifier__class_weight': 'balanced', 'classifier__gamma': 0.01, 'classifier__kernel': 'rbf'}",bigram,0.42857142857142855,0.42857142857142855,0.43165467625899284,0.43165467625899284,0.43165467625899284,0.4304213771839671,0.0015104767170297385
"{'classifier__C': 0.1, 'classifier__class_weight': 'balanced', 'classifier__gamma': 0.1, 'classifier__kernel': 'rbf'}",bigram,0.42857142857142855,0.42857142857142855,0.43165467625899284,0.43165467625899284,0.43165467625899284,0.4304213771839671,0.0015104767170297385
"{'classifier__C': 1.0, 'classifier__class_weight': None, 'classifier__gamma': 1e-05, 'classifier__kernel': 'rbf'}",bigram,0.0,0.0,0.0,0.0,0.0,0.0,0.0
"{'classifier__C': 1.0, 'classifier__class_weight': None, 'classifier__gamma': 0.0001, 'classifier__kernel': 'rbf'}",bigram,0.0,0.0,0.0,0.0,0.0,0.0,0.0
"{'classifier__C': 1.0, 'classifier__class_weight': None, 'classifier__gamma': 0.001, 'classifier__kernel': 'rbf'}",bigram,0.0,0.0,0.0,0.0,0.0,0.0,0.0
"{'classifier__C': 1.0, 'classifier__class_weight': None, 'classifier__gamma': 0.01, 'classifier__kernel': 'rbf'}",bigram,0.0,0.0,0.0,0.0,0.0,0.0,0.0
"{'classifier__C': 1.0, 'classifier__class_weight': None, 'classifier__gamma': 0.1, 'classifier__kernel': 'rbf'}",bigram,0.0,0.0,0.0,0.0,0.0,0.0,0.0
"{'classifier__C': 1.0, 'classifier__class_weight': 'balanced', 'classifier__gamma': 1e-05, 'classifier__kernel': 'rbf'}",bigram,0.7627118644067796,0.2830188679245283,0.43165467625899284,0.6666666666666666,0.19999999999999996,0.4688104150513935,0.21618660707155224
"{'classifier__C': 1.0, 'classifier__class_weight': 'balanced', 'classifier__gamma': 0.0001, 'classifier__kernel': 'rbf'}",bigram,0.0,0.10204081632653061,0.3846153846153846,0.10204081632653061,0.10204081632653061,0.13814756671899528,0.12941578552919905
"{'classifier__C': 1.0, 'classifier__class_weight': 'balanced', 'classifier__gamma': 0.001, 'classifier__kernel': 'rbf'}",bigram,0.0,0.10204081632653061,0.10204081632653061,0.0,0.0,0.04081632653061225,0.0499895865874118
"{'classifier__C': 1.0, 'classifier__class_weight': 'balanced', 'classifier__gamma': 0.01, 'classifier__kernel': 'rbf'}",bigram,0.0,0.0,0.0,0.0,0.0,0.0,0.0
"{'classifier__C': 1.0, 'classifier__class_weight': 'balanced', 'classifier__gamma': 0.1, 'classifier__kernel': 'rbf'}",bigram,0.0,0.0,0.0,0.0,0.0,0.0,0.0
"{'classifier__C': 10.0, 'classifier__class_weight': None, 'classifier__gamma': 1e-05, 'classifier__kernel': 'rbf'}",bigram,0.0,0.0,0.10204081632653061,0.0,0.0,0.020408163265306124,0.04081632653061225
"{'classifier__C': 10.0, 'classifier__class_weight': None, 'classifier__gamma': 0.0001, 'classifier__kernel': 'rbf'}",bigram,0.0,0.10204081632653061,0.3846153846153846,0.19999999999999996,0.10204081632653061,0.15773940345368914,0.1298807556694841
"{'classifier__C': 10.0, 'classifier__class_weight': None, 'classifier__gamma': 0.001, 'classifier__kernel': 'rbf'}",bigram,0.0,0.10204081632653061,0.10204081632653061,0.0,0.0,0.04081632653061225,0.0499895865874118
"{'classifier__C': 10.0, 'classifier__class_weight': None, 'classifier__gamma': 0.01, 'classifier__kernel': 'rbf'}",bigram,0.0,0.0,0.0,0.0,0.0,0.0,0.0
"{'classifier__C': 10.0, 'classifier__class_weight': None, 'classifier__gamma': 0.1, 'classifier__kernel': 'rbf'}",bigram,0.0,0.0,0.0,0.0,0.0,0.0,0.0
"{'classifier__C': 10.0, 'classifier__class_weight': 'balanced', 'classifier__gamma': 1e-05, 'classifier__kernel': 'rbf'}",bigram,0.0,0.10204081632653061,0.3846153846153846,0.19999999999999996,0.10204081632653061,0.15773940345368914,0.1298807556694841
"{'classifier__C': 10.0, 'classifier__class_weight': 'balanced', 'classifier__gamma': 0.0001, 'classifier__kernel': 'rbf'}",bigram,0.0,0.10204081632653061,0.3846153846153846,0.19999999999999996,0.10204081632653061,0.15773940345368914,0.1298807556694841
"{'classifier__C': 10.0, 'classifier__class_weight': 'balanced', 'classifier__gamma': 0.001, 'classifier__kernel': 'rbf'}",bigram,0.0,0.10204081632653061,0.10204081632653061,0.0,0.0,0.04081632653061225,0.0499895865874118
"{'classifier__C': 10.0, 'classifier__class_weight': 'balanced', 'classifier__gamma': 0.01, 'classifier__kernel': 'rbf'}",bigram,0.0,0.0,0.0,0.0,0.0,0.0,0.0
"{'classifier__C': 10.0, 'classifier__class_weight': 'balanced', 'classifier__gamma': 0.1, 'classifier__kernel': 'rbf'}",bigram,0.0,0.0,0.0,0.0,0.0,0.0,0.0
"{'classifier__C': 100.0, 'classifier__class_weight': None, 'classifier__gamma': 1e-05, 'classifier__kernel': 'rbf'}",bigram,0.0,0.10204081632653061,0.3846153846153846,0.29411764705882354,0.10204081632653061,0.17656293286545385,0.1409868749048468
"{'classifier__C': 100.0, 'classifier__class_weight': None, 'classifier__gamma': 0.0001, 'classifier__kernel': 'rbf'}",bigram,0.0,0.10204081632653061,0.3846153846153846,0.19999999999999996,0.10204081632653061,0.15773940345368914,0.1298807556694841
"{'classifier__C': 100.0, 'classifier__class_weight': None, 'classifier__gamma': 0.001, 'classifier__kernel': 'rbf'}",bigram,0.0,0.10204081632653061,0.10204081632653061,0.0,0.0,0.04081632653061225,0.0499895865874118
"{'classifier__C': 100.0, 'classifier__class_weight': None, 'classifier__gamma': 0.01, 'classifier__kernel': 'rbf'}",bigram,0.0,0.0,0.0,0.0,0.0,0.0,0.0
"{'classifier__C': 100.0, 'classifier__class_weight': None, 'classifier__gamma': 0.1, 'classifier__kernel': 'rbf'}",bigram,0.0,0.0,0.0,0.0,0.0,0.0,0.0
"{'classifier__C': 100.0, 'classifier__class_weight': 'balanced', 'classifier__gamma': 1e-05, 'classifier__kernel': 'rbf'}",bigram,0.0,0.10204081632653061,0.3846153846153846,0.29411764705882354,0.10204081632653061,0.17656293286545385,0.1409868749048468
"{'classifier__C': 100.0, 'classifier__class_weight': 'balanced', 'classifier__gamma': 0.0001, 'classifier__kernel': 'rbf'}",bigram,0.0,0.10204081632653061,0.3846153846153846,0.19999999999999996,0.10204081632653061,0.15773940345368914,0.1298807556694841
"{'classifier__C': 100.0, 'classifier__class_weight': 'balanced', 'classifier__gamma': 0.001, 'classifier__kernel': 'rbf'}",bigram,0.0,0.10204081632653061,0.10204081632653061,0.0,0.0,0.04081632653061225,0.0499895865874118
"{'classifier__C': 100.0, 'classifier__class_weight': 'balanced', 'classifier__gamma': 0.01, 'classifier__kernel': 'rbf'}",bigram,0.0,0.0,0.0,0.0,0.0,0.0,0.0
"{'classifier__C': 100.0, 'classifier__class_weight': 'balanced', 'classifier__gamma': 0.1, 'classifier__kernel': 'rbf'}",bigram,0.0,0.0,0.0,0.0,0.0,0.0,0.0
"{'classifier__C': 0.0001, 'classifier__class_weight': None, 'classifier__kernel': 'linear'}",bigram,0.0,0.0,0.0,0.0,0.0,0.0,0.0
"{'classifier__C': 0.0001, 'classifier__class_weight': 'balanced', 'classifier__kernel': 'linear'}",bigram,0.0,0.0,0.10204081632653061,0.0,0.10204081632653061,0.04081632653061225,0.0499895865874118
"{'classifier__C': 0.001, 'classifier__class_weight': None, 'classifier__kernel': 'linear'}",bigram,0.0,0.10204081632653061,0.3846153846153846,0.29411764705882354,0.10204081632653061,0.17656293286545385,0.1409868749048468
"{'classifier__C': 0.001, 'classifier__class_weight': 'balanced', 'classifier__kernel': 'linear'}",bigram,0.0,0.10204081632653061,0.3846153846153846,0.29411764705882354,0.10204081632653061,0.17656293286545385,0.1409868749048468
"{'classifier__C': 0.01, 'classifier__class_weight': None, 'classifier__kernel': 'linear'}",bigram,0.0,0.10204081632653061,0.3846153846153846,0.29411764705882354,0.10204081632653061,0.17656293286545385,0.1409868749048468
"{'classifier__C': 0.01, 'classifier__class_weight': 'balanced', 'classifier__kernel': 'linear'}",bigram,0.0,0.10204081632653061,0.3846153846153846,0.29411764705882354,0.10204081632653061,0.17656293286545385,0.1409868749048468
"{'classifier__C': 0.1, 'classifier__class_weight': None, 'classifier__kernel': 'linear'}",bigram,0.0,0.10204081632653061,0.3846153846153846,0.29411764705882354,0.10204081632653061,0.17656293286545385,0.1409868749048468
"{'classifier__C': 0.1, 'classifier__class_weight': 'balanced', 'classifier__kernel': 'linear'}",bigram,0.0,0.10204081632653061,0.3846153846153846,0.29411764705882354,0.10204081632653061,0.17656293286545385,0.1409868749048468
"{'classifier__C': 1.0, 'classifier__class_weight': None, 'classifier__kernel': 'linear'}",bigram,0.0,0.10204081632653061,0.3846153846153846,0.29411764705882354,0.10204081632653061,0.17656293286545385,0.1409868749048468
"{'classifier__C': 1.0, 'classifier__class_weight': 'balanced', 'classifier__kernel': 'linear'}",bigram,0.0,0.10204081632653061,0.3846153846153846,0.29411764705882354,0.10204081632653061,0.17656293286545385,0.1409868749048468
"{'classifier__C': 10.0, 'classifier__class_weight': None, 'classifier__kernel': 'linear'}",bigram,0.0,0.10204081632653061,0.3846153846153846,0.29411764705882354,0.10204081632653061,0.17656293286545385,0.1409868749048468
"{'classifier__C': 10.0, 'classifier__class_weight': 'balanced', 'classifier__kernel': 'linear'}",bigram,0.0,0.10204081632653061,0.3846153846153846,0.29411764705882354,0.10204081632653061,0.17656293286545385,0.1409868749048468
"{'classifier__C': 100.0, 'classifier__class_weight': None, 'classifier__kernel': 'linear'}",bigram,0.0,0.10204081632653061,0.3846153846153846,0.29411764705882354,0.10204081632653061,0.17656293286545385,0.1409868749048468
"{'classifier__C': 100.0, 'classifier__class_weight': 'balanced', 'classifier__kernel': 'linear'}",bigram,0.0,0.10204081632653061,0.3846153846153846,0.29411764705882354,0.10204081632653061,0.17656293286545385,0.1409868749048468
"{'classifier__C': 0.0001, 'classifier__class_weight': None, 'classifier__gamma': 1e-05, 'classifier__kernel': 'rbf'}",TFIDF,0.0,0.0,0.0,0.0,0.0,0.0,0.0
"{'classifier__C': 0.0001, 'classifier__class_weight': None, 'classifier__gamma': 0.0001, 'classifier__kernel': 'rbf'}",TFIDF,0.0,0.0,0.0,0.0,0.0,0.0,0.0
"{'classifier__C': 0.0001, 'classifier__class_weight': None, 'classifier__gamma': 0.001, 'classifier__kernel': 'rbf'}",TFIDF,0.0,0.0,0.0,0.0,0.0,0.0,0.0
"{'classifier__C': 0.0001, 'classifier__class_weight': None, 'classifier__gamma': 0.01, 'classifier__kernel': 'rbf'}",TFIDF,0.0,0.0,0.0,0.0,0.0,0.0,0.0
"{'classifier__C': 0.0001, 'classifier__class_weight': None, 'classifier__gamma': 0.1, 'classifier__kernel': 'rbf'}",TFIDF,0.0,0.0,0.0,0.0,0.0,0.0,0.0
"{'classifier__C': 0.0001, 'classifier__class_weight': 'balanced', 'classifier__gamma': 1e-05, 'classifier__kernel': 'rbf'}",TFIDF,0.42857142857142855,0.42857142857142855,0.43165467625899284,0.43165467625899284,0.43165467625899284,0.4304213771839671,0.0015104767170297385
"{'classifier__C': 0.0001, 'classifier__class_weight': 'balanced', 'classifier__gamma': 0.0001, 'classifier__kernel': 'rbf'}",TFIDF,0.42857142857142855,0.42857142857142855,0.43165467625899284,0.43165467625899284,0.43165467625899284,0.4304213771839671,0.0015104767170297385
"{'classifier__C': 0.0001, 'classifier__class_weight': 'balanced', 'classifier__gamma': 0.001, 'classifier__kernel': 'rbf'}",TFIDF,0.42857142857142855,0.42857142857142855,0.43165467625899284,0.43165467625899284,0.43165467625899284,0.4304213771839671,0.0015104767170297385
"{'classifier__C': 0.0001, 'classifier__class_weight': 'balanced', 'classifier__gamma': 0.01, 'classifier__kernel': 'rbf'}",TFIDF,0.42857142857142855,0.42857142857142855,0.43165467625899284,0.43165467625899284,0.43165467625899284,0.4304213771839671,0.0015104767170297385
"{'classifier__C': 0.0001, 'classifier__class_weight': 'balanced', 'classifier__gamma': 0.1, 'classifier__kernel': 'rbf'}",TFIDF,0.42857142857142855,0.42857142857142855,0.43165467625899284,0.43165467625899284,0.43165467625899284,0.4304213771839671,0.0015104767170297385
"{'classifier__C': 0.001, 'classifier__class_weight': None, 'classifier__gamma': 1e-05, 'classifier__kernel': 'rbf'}",TFIDF,0.0,0.0,0.0,0.0,0.0,0.0,0.0
"{'classifier__C': 0.001, 'classifier__class_weight': None, 'classifier__gamma': 0.0001, 'classifier__kernel': 'rbf'}",TFIDF,0.0,0.0,0.0,0.0,0.0,0.0,0.0
"{'classifier__C': 0.001, 'classifier__class_weight': None, 'classifier__gamma': 0.001, 'classifier__kernel': 'rbf'}",TFIDF,0.0,0.0,0.0,0.0,0.0,0.0,0.0
"{'classifier__C': 0.001, 'classifier__class_weight': None, 'classifier__gamma': 0.01, 'classifier__kernel': 'rbf'}",TFIDF,0.0,0.0,0.0,0.0,0.0,0.0,0.0
"{'classifier__C': 0.001, 'classifier__class_weight': None, 'classifier__gamma': 0.1, 'classifier__kernel': 'rbf'}",TFIDF,0.0,0.0,0.0,0.0,0.0,0.0,0.0
"{'classifier__C': 0.001, 'classifier__class_weight': 'balanced', 'classifier__gamma': 1e-05, 'classifier__kernel': 'rbf'}",TFIDF,0.42857142857142855,0.42857142857142855,0.0,0.0,0.0,0.17142857142857143,0.20995626366712952
"{'classifier__C': 0.001, 'classifier__class_weight': 'balanced', 'classifier__gamma': 0.0001, 'classifier__kernel': 'rbf'}",TFIDF,0.42857142857142855,0.42857142857142855,0.0,0.0,0.0,0.17142857142857143,0.20995626366712952
"{'classifier__C': 0.001, 'classifier__class_weight': 'balanced', 'classifier__gamma': 0.001, 'classifier__kernel': 'rbf'}",TFIDF,0.42857142857142855,0.42857142857142855,0.0,0.0,0.0,0.17142857142857143,0.20995626366712952
"{'classifier__C': 0.001, 'classifier__class_weight': 'balanced', 'classifier__gamma': 0.01, 'classifier__kernel': 'rbf'}",TFIDF,0.42857142857142855,0.42857142857142855,0.0,0.0,0.0,0.17142857142857143,0.20995626366712952
"{'classifier__C': 0.001, 'classifier__class_weight': 'balanced', 'classifier__gamma': 0.1, 'classifier__kernel': 'rbf'}",TFIDF,0.42857142857142855,0.42857142857142855,0.0,0.0,0.0,0.17142857142857143,0.20995626366712952
"{'classifier__C': 0.01, 'classifier__class_weight': None, 'classifier__gamma': 1e-05, 'classifier__kernel': 'rbf'}",TFIDF,0.0,0.0,0.0,0.0,0.0,0.0,0.0
"{'classifier__C': 0.01, 'classifier__class_weight': None, 'classifier__gamma': 0.0001, 'classifier__kernel': 'rbf'}",TFIDF,0.0,0.0,0.0,0.0,0.0,0.0,0.0
"{'classifier__C': 0.01, 'classifier__class_weight': None, 'classifier__gamma': 0.001, 'classifier__kernel': 'rbf'}",TFIDF,0.0,0.0,0.0,0.0,0.0,0.0,0.0
"{'classifier__C': 0.01, 'classifier__class_weight': None, 'classifier__gamma': 0.01, 'classifier__kernel': 'rbf'}",TFIDF,0.0,0.0,0.0,0.0,0.0,0.0,0.0
"{'classifier__C': 0.01, 'classifier__class_weight': None, 'classifier__gamma': 0.1, 'classifier__kernel': 'rbf'}",TFIDF,0.0,0.0,0.0,0.0,0.0,0.0,0.0
"{'classifier__C': 0.01, 'classifier__class_weight': 'balanced', 'classifier__gamma': 1e-05, 'classifier__kernel': 'rbf'}",TFIDF,0.0,0.0,0.0,0.0,0.0,0.0,0.0
"{'classifier__C': 0.01, 'classifier__class_weight': 'balanced', 'classifier__gamma': 0.0001, 'classifier__kernel': 'rbf'}",TFIDF,0.0,0.0,0.0,0.0,0.0,0.0,0.0
"{'classifier__C': 0.01, 'classifier__class_weight': 'balanced', 'classifier__gamma': 0.001, 'classifier__kernel': 'rbf'}",TFIDF,0.0,0.0,0.0,0.0,0.0,0.0,0.0
"{'classifier__C': 0.01, 'classifier__class_weight': 'balanced', 'classifier__gamma': 0.01, 'classifier__kernel': 'rbf'}",TFIDF,0.0,0.0,0.0,0.0,0.0,0.0,0.0
"{'classifier__C': 0.01, 'classifier__class_weight': 'balanced', 'classifier__gamma': 0.1, 'classifier__kernel': 'rbf'}",TFIDF,0.0,0.0,0.0,0.0,0.0,0.0,0.0
"{'classifier__C': 0.1, 'classifier__class_weight': None, 'classifier__gamma': 1e-05, 'classifier__kernel': 'rbf'}",TFIDF,0.0,0.0,0.0,0.0,0.0,0.0,0.0
"{'classifier__C': 0.1, 'classifier__class_weight': None, 'classifier__gamma': 0.0001, 'classifier__kernel': 'rbf'}",TFIDF,0.0,0.0,0.0,0.0,0.0,0.0,0.0
"{'classifier__C': 0.1, 'classifier__class_weight': None, 'classifier__gamma': 0.001, 'classifier__kernel': 'rbf'}",TFIDF,0.0,0.0,0.0,0.0,0.0,0.0,0.0
"{'classifier__C': 0.1, 'classifier__class_weight': None, 'classifier__gamma': 0.01, 'classifier__kernel': 'rbf'}",TFIDF,0.0,0.0,0.0,0.0,0.0,0.0,0.0
"{'classifier__C': 0.1, 'classifier__class_weight': None, 'classifier__gamma': 0.1, 'classifier__kernel': 'rbf'}",TFIDF,0.0,0.0,0.0,0.0,0.0,0.0,0.0
"{'classifier__C': 0.1, 'classifier__class_weight': 'balanced', 'classifier__gamma': 1e-05, 'classifier__kernel': 'rbf'}",TFIDF,0.42857142857142855,0.42857142857142855,0.43165467625899284,0.43165467625899284,0.43165467625899284,0.4304213771839671,0.0015104767170297385
"{'classifier__C': 0.1, 'classifier__class_weight': 'balanced', 'classifier__gamma': 0.0001, 'classifier__kernel': 'rbf'}",TFIDF,0.42857142857142855,0.42857142857142855,0.43165467625899284,0.43165467625899284,0.43165467625899284,0.4304213771839671,0.0015104767170297385
"{'classifier__C': 0.1, 'classifier__class_weight': 'balanced', 'classifier__gamma': 0.001, 'classifier__kernel': 'rbf'}",TFIDF,0.41666666666666663,0.23529411764705882,0.4395604395604396,0.3703703703703704,0.43010752688172044,0.3783998242252512,0.07539545609262695
"{'classifier__C': 0.1, 'classifier__class_weight': 'balanced', 'classifier__gamma': 0.01, 'classifier__kernel': 'rbf'}",TFIDF,0.42857142857142855,0.42857142857142855,0.43165467625899284,0.43165467625899284,0.43165467625899284,0.4304213771839671,0.0015104767170297385
"{'classifier__C': 0.1, 'classifier__class_weight': 'balanced', 'classifier__gamma': 0.1, 'classifier__kernel': 'rbf'}",TFIDF,0.42857142857142855,0.42857142857142855,0.43165467625899284,0.43165467625899284,0.43165467625899284,0.4304213771839671,0.0015104767170297385
"{'classifier__C': 1.0, 'classifier__class_weight': None, 'classifier__gamma': 1e-05, 'classifier__kernel': 'rbf'}",TFIDF,0.0,0.0,0.0,0.0,0.0,0.0,0.0
"{'classifier__C': 1.0, 'classifier__class_weight': None, 'classifier__gamma': 0.0001, 'classifier__kernel': 'rbf'}",TFIDF,0.0,0.0,0.0,0.0,0.0,0.0,0.0
"{'classifier__C': 1.0, 'classifier__class_weight': None, 'classifier__gamma': 0.001, 'classifier__kernel': 'rbf'}",TFIDF,0.0,0.0,0.10204081632653061,0.10204081632653061,0.0,0.04081632653061225,0.0499895865874118
"{'classifier__C': 1.0, 'classifier__class_weight': None, 'classifier__gamma': 0.01, 'classifier__kernel': 'rbf'}",TFIDF,0.0,0.0,0.0,0.0,0.0,0.0,0.0
"{'classifier__C': 1.0, 'classifier__class_weight': None, 'classifier__gamma': 0.1, 'classifier__kernel': 'rbf'}",TFIDF,0.0,0.0,0.0,0.0,0.0,0.0,0.0
"{'classifier__C': 1.0, 'classifier__class_weight': 'balanced', 'classifier__gamma': 1e-05, 'classifier__kernel': 'rbf'}",TFIDF,0.42857142857142855,0.42857142857142855,0.43165467625899284,0.43165467625899284,0.43165467625899284,0.4304213771839671,0.0015104767170297385
"{'classifier__C': 1.0, 'classifier__class_weight': 'balanced', 'classifier__gamma': 0.0001, 'classifier__kernel': 'rbf'}",TFIDF,0.5384615384615384,0.3636363636363636,0.19607843137254902,0.3703703703703703,0.4385964912280702,0.3814286390137783,0.11200093274335515
"{'classifier__C': 1.0, 'classifier__class_weight': 'balanced', 'classifier__gamma': 0.001, 'classifier__kernel': 'rbf'}",TFIDF,0.0,0.10204081632653061,0.19999999999999996,0.19999999999999996,0.10204081632653061,0.12081632653061222,0.07462135433160122
"{'classifier__C': 1.0, 'classifier__class_weight': 'balanced', 'classifier__gamma': 0.01, 'classifier__kernel': 'rbf'}",TFIDF,0.0,0.0,0.0,0.0,0.0,0.0,0.0
"{'classifier__C': 1.0, 'classifier__class_weight': 'balanced', 'classifier__gamma': 0.1, 'classifier__kernel': 'rbf'}",TFIDF,0.0,0.0,0.0,0.0,0.0,0.0,0.0
"{'classifier__C': 10.0, 'classifier__class_weight': None, 'classifier__gamma': 1e-05, 'classifier__kernel': 'rbf'}",TFIDF,0.0,0.0,0.0,0.0,0.0,0.0,0.0
"{'classifier__C': 10.0, 'classifier__class_weight': None, 'classifier__gamma': 0.0001, 'classifier__kernel': 'rbf'}",TFIDF,0.5932203389830508,0.3703703703703703,0.3846153846153846,0.4545454545454546,0.5357142857142857,0.4676931668457092,0.08594236500091273
"{'classifier__C': 10.0, 'classifier__class_weight': None, 'classifier__gamma': 0.001, 'classifier__kernel': 'rbf'}",TFIDF,0.0,0.29411764705882354,0.19999999999999996,0.19999999999999996,0.10204081632653061,0.15923169267707082,0.10014375541587982
"{'classifier__C': 10.0, 'classifier__class_weight': None, 'classifier__gamma': 0.01, 'classifier__kernel': 'rbf'}",TFIDF,0.0,0.0,0.0,0.0,0.0,0.0,0.0
"{'classifier__C': 10.0, 'classifier__class_weight': None, 'classifier__gamma': 0.1, 'classifier__kernel': 'rbf'}",TFIDF,0.0,0.0,0.0,0.0,0.0,0.0,0.0
"{'classifier__C': 10.0, 'classifier__class_weight': 'balanced', 'classifier__gamma': 1e-05, 'classifier__kernel': 'rbf'}",TFIDF,0.5932203389830508,0.3773584905660377,0.28846153846153844,0.3703703703703703,0.462962962962963,0.418474740268792,0.1033665664183618
"{'classifier__C': 10.0, 'classifier__class_weight': 'balanced', 'classifier__gamma': 0.0001, 'classifier__kernel': 'rbf'}",TFIDF,0.5932203389830508,0.4716981132075472,0.3846153846153846,0.462962962962963,0.5357142857142857,0.48964221709664624,0.07059103604110481
"{'classifier__C': 10.0, 'classifier__class_weight': 'balanced', 'classifier__gamma': 0.001, 'classifier__kernel': 'rbf'}",TFIDF,0.0,0.29411764705882354,0.19999999999999996,0.19999999999999996,0.10204081632653061,0.15923169267707082,0.10014375541587982
"{'classifier__C': 10.0, 'classifier__class_weight': 'balanced', 'classifier__gamma': 0.01, 'classifier__kernel': 'rbf'}",TFIDF,0.0,0.0,0.0,0.0,0.0,0.0,0.0
"{'classifier__C': 10.0, 'classifier__class_weight': 'balanced', 'classifier__gamma': 0.1, 'classifier__kernel': 'rbf'}",TFIDF,0.0,0.0,0.0,0.0,0.0,0.0,0.0
"{'classifier__C': 100.0, 'classifier__class_weight': None, 'classifier__gamma': 1e-05, 'classifier__kernel': 'rbf'}",TFIDF,0.5932203389830508,0.3846153846153846,0.4716981132075472,0.462962962962963,0.5357142857142857,0.48964221709664624,0.07059103604110482
"{'classifier__C': 100.0, 'classifier__class_weight': None, 'classifier__gamma': 0.0001, 'classifier__kernel': 'rbf'}",TFIDF,0.5932203389830508,0.5555555555555556,0.3773584905660377,0.462962962962963,0.5357142857142857,0.5049623267563785,0.07660485633668548
"{'classifier__C': 100.0, 'classifier__class_weight': None, 'classifier__gamma': 0.001, 'classifier__kernel': 'rbf'}",TFIDF,0.0,0.29411764705882354,0.19999999999999996,0.19999999999999996,0.10204081632653061,0.15923169267707082,0.10014375541587982
"{'classifier__C': 100.0, 'classifier__class_weight': None, 'classifier__gamma': 0.01, 'classifier__kernel': 'rbf'}",TFIDF,0.0,0.0,0.0,0.0,0.0,0.0,0.0
"{'classifier__C': 100.0, 'classifier__class_weight': None, 'classifier__gamma': 0.1, 'classifier__kernel': 'rbf'}",TFIDF,0.0,0.0,0.0,0.0,0.0,0.0,0.0
"{'classifier__C': 100.0, 'classifier__class_weight': 'balanced', 'classifier__gamma': 1e-05, 'classifier__kernel': 'rbf'}",TFIDF,0.5932203389830508,0.5555555555555556,0.3773584905660377,0.4545454545454546,0.5357142857142857,0.5032788250728768,0.07759544268410397
"{'classifier__C': 100.0, 'classifier__class_weight': 'balanced', 'classifier__gamma': 0.0001, 'classifier__kernel': 'rbf'}",TFIDF,0.5932203389830508,0.5555555555555556,0.3773584905660377,0.462962962962963,0.5357142857142857,0.5049623267563785,0.07660485633668548
"{'classifier__C': 100.0, 'classifier__class_weight': 'balanced', 'classifier__gamma': 0.001, 'classifier__kernel': 'rbf'}",TFIDF,0.0,0.29411764705882354,0.19999999999999996,0.19999999999999996,0.10204081632653061,0.15923169267707082,0.10014375541587982
"{'classifier__C': 100.0, 'classifier__class_weight': 'balanced', 'classifier__gamma': 0.01, 'classifier__kernel': 'rbf'}",TFIDF,0.0,0.0,0.0,0.0,0.0,0.0,0.0
"{'classifier__C': 100.0, 'classifier__class_weight': 'balanced', 'classifier__gamma': 0.1, 'classifier__kernel': 'rbf'}",TFIDF,0.0,0.0,0.0,0.0,0.0,0.0,0.0
"{'classifier__C': 0.0001, 'classifier__class_weight': None, 'classifier__kernel': 'linear'}",TFIDF,0.0,0.0,0.0,0.0,0.0,0.0,0.0
"{'classifier__C': 0.0001, 'classifier__class_weight': 'balanced', 'classifier__kernel': 'linear'}",TFIDF,0.5555555555555556,0.19999999999999996,0.19607843137254902,0.19999999999999996,0.19607843137254902,0.26954248366013067,0.14301728938790698
"{'classifier__C': 0.001, 'classifier__class_weight': None, 'classifier__kernel': 'linear'}",TFIDF,0.6034482758620691,0.29411764705882354,0.29411764705882354,0.3846153846153846,0.5357142857142857,0.4224026480618773,0.12645869429700585
"{'classifier__C': 0.001, 'classifier__class_weight': 'balanced', 'classifier__kernel': 'linear'}",TFIDF,0.5932203389830508,0.5555555555555556,0.3846153846153846,0.4716981132075472,0.4545454545454546,0.49192696938139857,0.07433882458353068
"{'classifier__C': 0.01, 'classifier__class_weight': None, 'classifier__kernel': 'linear'}",TFIDF,0.5932203389830508,0.5555555555555556,0.462962962962963,0.462962962962963,0.4545454545454546,0.5058494550019974,0.05729741819932971
"{'classifier__C': 0.01, 'classifier__class_weight': 'balanced', 'classifier__kernel': 'linear'}",TFIDF,0.5932203389830508,0.5555555555555556,0.462962962962963,0.462962962962963,0.4545454545454546,0.5058494550019974,0.05729741819932971
"{'classifier__C': 0.1, 'classifier__class_weight': None, 'classifier__kernel': 'linear'}",TFIDF,0.5932203389830508,0.5555555555555556,0.462962962962963,0.462962962962963,0.4545454545454546,0.5058494550019974,0.05729741819932971
"{'classifier__C': 0.1, 'classifier__class_weight': 'balanced', 'classifier__kernel': 'linear'}",TFIDF,0.5932203389830508,0.5555555555555556,0.462962962962963,0.462962962962963,0.4545454545454546,0.5058494550019974,0.05729741819932971
"{'classifier__C': 1.0, 'classifier__class_weight': None, 'classifier__kernel': 'linear'}",TFIDF,0.5932203389830508,0.5555555555555556,0.462962962962963,0.462962962962963,0.4545454545454546,0.5058494550019974,0.05729741819932971
"{'classifier__C': 1.0, 'classifier__class_weight': 'balanced', 'classifier__kernel': 'linear'}",TFIDF,0.5932203389830508,0.5555555555555556,0.462962962962963,0.462962962962963,0.4545454545454546,0.5058494550019974,0.05729741819932971
"{'classifier__C': 10.0, 'classifier__class_weight': None, 'classifier__kernel': 'linear'}",TFIDF,0.5932203389830508,0.5555555555555556,0.462962962962963,0.462962962962963,0.4545454545454546,0.5058494550019974,0.05729741819932971
"{'classifier__C': 10.0, 'classifier__class_weight': 'balanced', 'classifier__kernel': 'linear'}",TFIDF,0.5932203389830508,0.5555555555555556,0.462962962962963,0.462962962962963,0.4545454545454546,0.5058494550019974,0.05729741819932971
"{'classifier__C': 100.0, 'classifier__class_weight': None, 'classifier__kernel': 'linear'}",TFIDF,0.5932203389830508,0.5555555555555556,0.462962962962963,0.462962962962963,0.4545454545454546,0.5058494550019974,0.05729741819932971
"{'classifier__C': 100.0, 'classifier__class_weight': 'balanced', 'classifier__kernel': 'linear'}",TFIDF,0.5932203389830508,0.5555555555555556,0.462962962962963,0.462962962962963,0.4545454545454546,0.5058494550019974,0.05729741819932971
"{'classifier__C': 0.0001, 'classifier__class_weight': None, 'classifier__gamma': 1e-05, 'classifier__kernel': 'rbf'}",BERT,0.0,0.0,0.0,0.0,0.0,0.0,0.0
"{'classifier__C': 0.0001, 'classifier__class_weight': None, 'classifier__gamma': 0.0001, 'classifier__kernel': 'rbf'}",BERT,0.0,0.0,0.0,0.0,0.0,0.0,0.0
"{'classifier__C': 0.0001, 'classifier__class_weight': None, 'classifier__gamma': 0.001, 'classifier__kernel': 'rbf'}",BERT,0.0,0.0,0.0,0.0,0.0,0.0,0.0
"{'classifier__C': 0.0001, 'classifier__class_weight': None, 'classifier__gamma': 0.01, 'classifier__kernel': 'rbf'}",BERT,0.0,0.0,0.0,0.0,0.0,0.0,0.0
"{'classifier__C': 0.0001, 'classifier__class_weight': None, 'classifier__gamma': 0.1, 'classifier__kernel': 'rbf'}",BERT,0.0,0.0,0.0,0.0,0.0,0.0,0.0
"{'classifier__C': 0.0001, 'classifier__class_weight': 'balanced', 'classifier__gamma': 1e-05, 'classifier__kernel': 'rbf'}",BERT,0.42857142857142855,0.42857142857142855,0.43165467625899284,0.43165467625899284,0.43165467625899284,0.4304213771839671,0.0015104767170297385
"{'classifier__C': 0.0001, 'classifier__class_weight': 'balanced', 'classifier__gamma': 0.0001, 'classifier__kernel': 'rbf'}",BERT,0.42857142857142855,0.42857142857142855,0.43165467625899284,0.43165467625899284,0.43165467625899284,0.4304213771839671,0.0015104767170297385
"{'classifier__C': 0.0001, 'classifier__class_weight': 'balanced', 'classifier__gamma': 0.001, 'classifier__kernel': 'rbf'}",BERT,0.42857142857142855,0.42857142857142855,0.43165467625899284,0.43165467625899284,0.43165467625899284,0.4304213771839671,0.0015104767170297385
"{'classifier__C': 0.0001, 'classifier__class_weight': 'balanced', 'classifier__gamma': 0.01, 'classifier__kernel': 'rbf'}",BERT,0.42857142857142855,0.42857142857142855,0.43165467625899284,0.43165467625899284,0.43165467625899284,0.4304213771839671,0.0015104767170297385
"{'classifier__C': 0.0001, 'classifier__class_weight': 'balanced', 'classifier__gamma': 0.1, 'classifier__kernel': 'rbf'}",BERT,0.42857142857142855,0.42857142857142855,0.43165467625899284,0.43165467625899284,0.43165467625899284,0.4304213771839671,0.0015104767170297385
"{'classifier__C': 0.001, 'classifier__class_weight': None, 'classifier__gamma': 1e-05, 'classifier__kernel': 'rbf'}",BERT,0.0,0.0,0.0,0.0,0.0,0.0,0.0
"{'classifier__C': 0.001, 'classifier__class_weight': None, 'classifier__gamma': 0.0001, 'classifier__kernel': 'rbf'}",BERT,0.0,0.0,0.0,0.0,0.0,0.0,0.0
"{'classifier__C': 0.001, 'classifier__class_weight': None, 'classifier__gamma': 0.001, 'classifier__kernel': 'rbf'}",BERT,0.0,0.0,0.0,0.0,0.0,0.0,0.0
"{'classifier__C': 0.001, 'classifier__class_weight': None, 'classifier__gamma': 0.01, 'classifier__kernel': 'rbf'}",BERT,0.0,0.0,0.0,0.0,0.0,0.0,0.0
"{'classifier__C': 0.001, 'classifier__class_weight': None, 'classifier__gamma': 0.1, 'classifier__kernel': 'rbf'}",BERT,0.0,0.0,0.0,0.0,0.0,0.0,0.0
"{'classifier__C': 0.001, 'classifier__class_weight': 'balanced', 'classifier__gamma': 1e-05, 'classifier__kernel': 'rbf'}",BERT,0.42857142857142855,0.42857142857142855,0.0,0.0,0.0,0.17142857142857143,0.20995626366712952
"{'classifier__C': 0.001, 'classifier__class_weight': 'balanced', 'classifier__gamma': 0.0001, 'classifier__kernel': 'rbf'}",BERT,0.42857142857142855,0.42857142857142855,0.0,0.0,0.0,0.17142857142857143,0.20995626366712952
"{'classifier__C': 0.001, 'classifier__class_weight': 'balanced', 'classifier__gamma': 0.001, 'classifier__kernel': 'rbf'}",BERT,0.42857142857142855,0.42857142857142855,0.0,0.0,0.0,0.17142857142857143,0.20995626366712952
"{'classifier__C': 0.001, 'classifier__class_weight': 'balanced', 'classifier__gamma': 0.01, 'classifier__kernel': 'rbf'}",BERT,0.42857142857142855,0.42857142857142855,0.0,0.0,0.0,0.17142857142857143,0.20995626366712952
"{'classifier__C': 0.001, 'classifier__class_weight': 'balanced', 'classifier__gamma': 0.1, 'classifier__kernel': 'rbf'}",BERT,0.42857142857142855,0.42857142857142855,0.0,0.0,0.0,0.17142857142857143,0.20995626366712952
"{'classifier__C': 0.01, 'classifier__class_weight': None, 'classifier__gamma': 1e-05, 'classifier__kernel': 'rbf'}",BERT,0.0,0.0,0.0,0.0,0.0,0.0,0.0
"{'classifier__C': 0.01, 'classifier__class_weight': None, 'classifier__gamma': 0.0001, 'classifier__kernel': 'rbf'}",BERT,0.0,0.0,0.0,0.0,0.0,0.0,0.0
"{'classifier__C': 0.01, 'classifier__class_weight': None, 'classifier__gamma': 0.001, 'classifier__kernel': 'rbf'}",BERT,0.0,0.0,0.0,0.0,0.0,0.0,0.0
"{'classifier__C': 0.01, 'classifier__class_weight': None, 'classifier__gamma': 0.01, 'classifier__kernel': 'rbf'}",BERT,0.0,0.0,0.0,0.0,0.0,0.0,0.0
"{'classifier__C': 0.01, 'classifier__class_weight': None, 'classifier__gamma': 0.1, 'classifier__kernel': 'rbf'}",BERT,0.0,0.0,0.0,0.0,0.0,0.0,0.0
"{'classifier__C': 0.01, 'classifier__class_weight': 'balanced', 'classifier__gamma': 1e-05, 'classifier__kernel': 'rbf'}",BERT,0.0,0.0,0.0,0.0,0.0,0.0,0.0
"{'classifier__C': 0.01, 'classifier__class_weight': 'balanced', 'classifier__gamma': 0.0001, 'classifier__kernel': 'rbf'}",BERT,0.0,0.0,0.0,0.0,0.0,0.0,0.0
"{'classifier__C': 0.01, 'classifier__class_weight': 'balanced', 'classifier__gamma': 0.001, 'classifier__kernel': 'rbf'}",BERT,0.0,0.0,0.0,0.0,0.0,0.0,0.0
"{'classifier__C': 0.01, 'classifier__class_weight': 'balanced', 'classifier__gamma': 0.01, 'classifier__kernel': 'rbf'}",BERT,0.0,0.0,0.0,0.0,0.0,0.0,0.0
"{'classifier__C': 0.01, 'classifier__class_weight': 'balanced', 'classifier__gamma': 0.1, 'classifier__kernel': 'rbf'}",BERT,0.0,0.0,0.0,0.0,0.0,0.0,0.0
"{'classifier__C': 0.1, 'classifier__class_weight': None, 'classifier__gamma': 1e-05, 'classifier__kernel': 'rbf'}",BERT,0.0,0.0,0.0,0.0,0.0,0.0,0.0
"{'classifier__C': 0.1, 'classifier__class_weight': None, 'classifier__gamma': 0.0001, 'classifier__kernel': 'rbf'}",BERT,0.0,0.0,0.0,0.0,0.0,0.0,0.0
"{'classifier__C': 0.1, 'classifier__class_weight': None, 'classifier__gamma': 0.001, 'classifier__kernel': 'rbf'}",BERT,0.0,0.0,0.0,0.0,0.0,0.0,0.0
"{'classifier__C': 0.1, 'classifier__class_weight': None, 'classifier__gamma': 0.01, 'classifier__kernel': 'rbf'}",BERT,0.0,0.0,0.0,0.0,0.0,0.0,0.0
"{'classifier__C': 0.1, 'classifier__class_weight': None, 'classifier__gamma': 0.1, 'classifier__kernel': 'rbf'}",BERT,0.0,0.0,0.0,0.0,0.0,0.0,0.0
"{'classifier__C': 0.1, 'classifier__class_weight': 'balanced', 'classifier__gamma': 1e-05, 'classifier__kernel': 'rbf'}",BERT,0.42857142857142855,0.42857142857142855,0.43165467625899284,0.43165467625899284,0.43165467625899284,0.4304213771839671,0.0015104767170297385
"{'classifier__C': 0.1, 'classifier__class_weight': 'balanced', 'classifier__gamma': 0.0001, 'classifier__kernel': 'rbf'}",BERT,0.6521739130434783,0.632183908045977,0.6626506024096386,0.5952380952380952,0.5128205128205128,0.6110134063115404,0.054220811964771215
"{'classifier__C': 0.1, 'classifier__class_weight': 'balanced', 'classifier__gamma': 0.001, 'classifier__kernel': 'rbf'}",BERT,0.8,0.5633802816901408,0.873015873015873,0.7142857142857143,0.6716417910447762,0.7244647320073009,0.10640967421561438
"{'classifier__C': 0.1, 'classifier__class_weight': 'balanced', 'classifier__gamma': 0.01, 'classifier__kernel': 'rbf'}",BERT,0.42857142857142855,0.42857142857142855,0.43165467625899284,0.43165467625899284,0.43165467625899284,0.4304213771839671,0.0015104767170297385
"{'classifier__C': 0.1, 'classifier__class_weight': 'balanced', 'classifier__gamma': 0.1, 'classifier__kernel': 'rbf'}",BERT,0.42857142857142855,0.42857142857142855,0.43165467625899284,0.43165467625899284,0.43165467625899284,0.4304213771839671,0.0015104767170297385
"{'classifier__C': 1.0, 'classifier__class_weight': None, 'classifier__gamma': 1e-05, 'classifier__kernel': 'rbf'}",BERT,0.0,0.0,0.0,0.0,0.0,0.0,0.0
"{'classifier__C': 1.0, 'classifier__class_weight': None, 'classifier__gamma': 0.0001, 'classifier__kernel': 'rbf'}",BERT,0.0,0.0,0.0,0.0,0.0,0.0,0.0
"{'classifier__C': 1.0, 'classifier__class_weight': None, 'classifier__gamma': 0.001, 'classifier__kernel': 'rbf'}",BERT,0.8333333333333334,0.3773584905660377,0.29411764705882354,0.5555555555555556,0.1923076923076923,0.4505345437642886,0.2254180176308077
"{'classifier__C': 1.0, 'classifier__class_weight': None, 'classifier__gamma': 0.01, 'classifier__kernel': 'rbf'}",BERT,0.0,0.0,0.0,0.0,0.0,0.0,0.0
"{'classifier__C': 1.0, 'classifier__class_weight': None, 'classifier__gamma': 0.1, 'classifier__kernel': 'rbf'}",BERT,0.0,0.0,0.0,0.0,0.0,0.0,0.0
"{'classifier__C': 1.0, 'classifier__class_weight': 'balanced', 'classifier__gamma': 1e-05, 'classifier__kernel': 'rbf'}",BERT,0.6896551724137931,0.576923076923077,0.7432432432432432,0.6493506493506493,0.5194805194805195,0.6357305322822564,0.07952954130721367
"{'classifier__C': 1.0, 'classifier__class_weight': 'balanced', 'classifier__gamma': 0.0001, 'classifier__kernel': 'rbf'}",BERT,0.8,0.7352941176470589,0.859375,0.7142857142857143,0.7575757575757576,0.7733061179017062,0.0515677811224522
"{'classifier__C': 1.0, 'classifier__class_weight': 'balanced', 'classifier__gamma': 0.001, 'classifier__kernel': 'rbf'}",BERT,0.9375,0.5932203389830508,0.7627118644067796,0.75,0.5357142857142857,0.7158292978208232,0.14140571877766092
"{'classifier__C': 1.0, 'classifier__class_weight': 'balanced', 'classifier__gamma': 0.01, 'classifier__kernel': 'rbf'}",BERT,0.0,0.0,0.0,0.0,0.0,0.0,0.0
"{'classifier__C': 1.0, 'classifier__class_weight': 'balanced', 'classifier__gamma': 0.1, 'classifier__kernel': 'rbf'}",BERT,0.0,0.0,0.0,0.0,0.0,0.0,0.0
"{'classifier__C': 10.0, 'classifier__class_weight': None, 'classifier__gamma': 1e-05, 'classifier__kernel': 'rbf'}",BERT,0.0,0.0,0.0,0.0,0.0,0.0,0.0
"{'classifier__C': 10.0, 'classifier__class_weight': None, 'classifier__gamma': 0.0001, 'classifier__kernel': 'rbf'}",BERT,0.9375,0.4545454545454546,0.6250000000000001,0.7142857142857142,0.3773584905660377,0.6217379318794413,0.19796770069596772
"{'classifier__C': 10.0, 'classifier__class_weight': None, 'classifier__gamma': 0.001, 'classifier__kernel': 'rbf'}",BERT,0.9523809523809523,0.5454545454545454,0.5454545454545454,0.6363636363636365,0.3773584905660377,0.6114024340439436,0.18992852712851485
"{'classifier__C': 10.0, 'classifier__class_weight': None, 'classifier__gamma': 0.01, 'classifier__kernel': 'rbf'}",BERT,0.0,0.0,0.0,0.0,0.0,0.0,0.0
"{'classifier__C': 10.0, 'classifier__class_weight': None, 'classifier__gamma': 0.1, 'classifier__kernel': 'rbf'}",BERT,0.0,0.0,0.0,0.0,0.0,0.0,0.0
"{'classifier__C': 10.0, 'classifier__class_weight': 'balanced', 'classifier__gamma': 1e-05, 'classifier__kernel': 'rbf'}",BERT,0.8,0.6716417910447762,0.7936507936507936,0.7142857142857143,0.7575757575757576,0.7474308113114084,0.04867298912406147
"{'classifier__C': 10.0, 'classifier__class_weight': 'balanced', 'classifier__gamma': 0.0001, 'classifier__kernel': 'rbf'}",BERT,0.8955223880597015,0.7936507936507936,0.7627118644067796,0.7758620689655173,0.6140350877192983,0.7683564405604181,0.09023775057266682
"{'classifier__C': 10.0, 'classifier__class_weight': 'balanced', 'classifier__gamma': 0.001, 'classifier__kernel': 'rbf'}",BERT,0.9523809523809523,0.5454545454545454,0.5454545454545454,0.6363636363636365,0.3773584905660377,0.6114024340439436,0.18992852712851485
"{'classifier__C': 10.0, 'classifier__class_weight': 'balanced', 'classifier__gamma': 0.01, 'classifier__kernel': 'rbf'}",BERT,0.0,0.0,0.0,0.0,0.0,0.0,0.0
"{'classifier__C': 10.0, 'classifier__class_weight': 'balanced', 'classifier__gamma': 0.1, 'classifier__kernel': 'rbf'}",BERT,0.0,0.0,0.0,0.0,0.0,0.0,0.0
"{'classifier__C': 100.0, 'classifier__class_weight': None, 'classifier__gamma': 1e-05, 'classifier__kernel': 'rbf'}",BERT,0.9375,0.4545454545454546,0.6250000000000001,0.7142857142857142,0.3773584905660377,0.6217379318794413,0.19796770069596772
"{'classifier__C': 100.0, 'classifier__class_weight': None, 'classifier__gamma': 0.0001, 'classifier__kernel': 'rbf'}",BERT,0.9230769230769231,0.6140350877192983,0.6140350877192983,0.6363636363636365,0.5357142857142857,0.6646450041186883,0.1336658145695555
"{'classifier__C': 100.0, 'classifier__class_weight': None, 'classifier__gamma': 0.001, 'classifier__kernel': 'rbf'}",BERT,0.9523809523809523,0.5454545454545454,0.5454545454545454,0.6363636363636365,0.3773584905660377,0.6114024340439436,0.18992852712851485
"{'classifier__C': 100.0, 'classifier__class_weight': None, 'classifier__gamma': 0.01, 'classifier__kernel': 'rbf'}",BERT,0.0,0.0,0.0,0.0,0.0,0.0,0.0
"{'classifier__C': 100.0, 'classifier__class_weight': None, 'classifier__gamma': 0.1, 'classifier__kernel': 'rbf'}",BERT,0.0,0.0,0.0,0.0,0.0,0.0,0.0
"{'classifier__C': 100.0, 'classifier__class_weight': 'balanced', 'classifier__gamma': 1e-05, 'classifier__kernel': 'rbf'}",BERT,0.8955223880597015,0.78125,0.7627118644067796,0.7627118644067796,0.689655172413793,0.7783702578574107,0.06647353079522739
"{'classifier__C': 100.0, 'classifier__class_weight': 'balanced', 'classifier__gamma': 0.0001, 'classifier__kernel': 'rbf'}",BERT,0.9230769230769231,0.6140350877192983,0.6140350877192983,0.6363636363636365,0.5357142857142857,0.6646450041186883,0.1336658145695555
"{'classifier__C': 100.0, 'classifier__class_weight': 'balanced', 'classifier__gamma': 0.001, 'classifier__kernel': 'rbf'}",BERT,0.9523809523809523,0.5454545454545454,0.5454545454545454,0.6363636363636365,0.3773584905660377,0.6114024340439436,0.18992852712851485
"{'classifier__C': 100.0, 'classifier__class_weight': 'balanced', 'classifier__gamma': 0.01, 'classifier__kernel': 'rbf'}",BERT,0.0,0.0,0.0,0.0,0.0,0.0,0.0
"{'classifier__C': 100.0, 'classifier__class_weight': 'balanced', 'classifier__gamma': 0.1, 'classifier__kernel': 'rbf'}",BERT,0.0,0.0,0.0,0.0,0.0,0.0,0.0
"{'classifier__C': 0.0001, 'classifier__class_weight': None, 'classifier__kernel': 'linear'}",BERT,0.0,0.0,0.0,0.0,0.0,0.0,0.0
"{'classifier__C': 0.0001, 'classifier__class_weight': 'balanced', 'classifier__kernel': 'linear'}",BERT,0.7894736842105262,0.661764705882353,0.873015873015873,0.7971014492753623,0.7142857142857143,0.7671282853339658,0.07280619454764797
"{'classifier__C': 0.001, 'classifier__class_weight': None, 'classifier__kernel': 'linear'}",BERT,0.9523809523809523,0.4545454545454546,0.6363636363636365,0.7142857142857142,0.2830188679245283,0.6081189251000573,0.22797383722770645
"{'classifier__C': 0.001, 'classifier__class_weight': 'balanced', 'classifier__kernel': 'linear'}",BERT,0.8823529411764706,0.7692307692307693,0.8333333333333334,0.8064516129032258,0.8870967741935484,0.8356930861674694,0.044938520173320194
"{'classifier__C': 0.01, 'classifier__class_weight': None, 'classifier__kernel': 'linear'}",BERT,0.9090909090909091,0.6140350877192983,0.6140350877192983,0.6363636363636365,0.5357142857142857,0.6618478013214855,0.12826563992474596
"{'classifier__C': 0.01, 'classifier__class_weight': 'balanced', 'classifier__kernel': 'linear'}",BERT,0.9090909090909091,0.6140350877192983,0.6140350877192983,0.6363636363636365,0.5357142857142857,0.6618478013214855,0.12826563992474596
"{'classifier__C': 0.1, 'classifier__class_weight': None, 'classifier__kernel': 'linear'}",BERT,0.9090909090909091,0.6140350877192983,0.6140350877192983,0.6363636363636365,0.5263157894736842,0.6599681020733652,0.13015526732044835
"{'classifier__C': 0.1, 'classifier__class_weight': 'balanced', 'classifier__kernel': 'linear'}",BERT,0.9090909090909091,0.6140350877192983,0.6140350877192983,0.6363636363636365,0.5263157894736842,0.6599681020733652,0.13015526732044835
"{'classifier__C': 1.0, 'classifier__class_weight': None, 'classifier__kernel': 'linear'}",BERT,0.9090909090909091,0.6140350877192983,0.6140350877192983,0.6363636363636365,0.5263157894736842,0.6599681020733652,0.13015526732044835
"{'classifier__C': 1.0, 'classifier__class_weight': 'balanced', 'classifier__kernel': 'linear'}",BERT,0.9090909090909091,0.6140350877192983,0.6140350877192983,0.6363636363636365,0.5263157894736842,0.6599681020733652,0.13015526732044835
"{'classifier__C': 10.0, 'classifier__class_weight': None, 'classifier__kernel': 'linear'}",BERT,0.9090909090909091,0.6140350877192983,0.6140350877192983,0.6363636363636365,0.5263157894736842,0.6599681020733652,0.13015526732044835
"{'classifier__C': 10.0, 'classifier__class_weight': 'balanced', 'classifier__kernel': 'linear'}",BERT,0.9090909090909091,0.6140350877192983,0.6140350877192983,0.6363636363636365,0.5263157894736842,0.6599681020733652,0.13015526732044835
"{'classifier__C': 100.0, 'classifier__class_weight': None, 'classifier__kernel': 'linear'}",BERT,0.9090909090909091,0.6140350877192983,0.6140350877192983,0.6363636363636365,0.5263157894736842,0.6599681020733652,0.13015526732044835
"{'classifier__C': 100.0, 'classifier__class_weight': 'balanced', 'classifier__kernel': 'linear'}",BERT,0.9090909090909091,0.6140350877192983,0.6140350877192983,0.6363636363636365,0.5263157894736842,0.6599681020733652,0.13015526732044835
